region,fever_reports,hospital_admissions,lab_confirmed_cases,symptom_cluster
1,-0.017120928445185403,0.4086221442880515,0.15886029415790767,3
2,-0.7875627084785176,-0.49942706524095204,-0.6354411766316299,1
0,-1.2583882407211093,-1.4831470422307058,-1.2311672797237831,3
1,1.6093672738474047,1.543683656199306,1.7474632357369828,0
2,0.45370460379740646,0.03026830698430001,-0.03971507353947674,2
